"apXbwftMTJ","Nuova restituzione","2021-04-30","Restituzione","73f7b9b558","anna.bianchi@unibo.it"
"wzkpsrRGZd","Nuova consegna","2021-04-28","Affidamento","89862ce8a5","anna.bianchi@unibo.it"
"iPmcdJWYDq","Restituiamo","2021-05-21","Restituzione","89862ce8a5","anna.bianchi@unibo.it"
"gc5ZGajfFy","Nuova consegna","2021-04-25","Affidamento","16a5dea9f9","antonio.rossi@unibo.it"
"wmeAPSc0pJ","Consegno io!","2021-04-29","Affidamento","efca8dece9","antonio.rossi@unibo.it"
"Mo8qgEaXIB","Blablabla","2021-04-25","Affidamento","c2f12343ec","antonio.rossi@unibo.it"
"NDvqRF0uj2","Nuova consegna","2021-04-26","Affidamento","c067ad7ac2","antonio.rossi@unibo.it"
"RE65YWsBxO","Nuova consegna","2021-04-27","Affidamento","9b2949d137","antonio.rossi@unibo.it"
"I10TqyvgEb","Nuova consegna","2021-04-26","Affidamento","8bbd2cf212","marco.bruni@unibo.it"
"WvE0bk3LZK","Nuova consegna","2021-04-30","Affidamento","7c8c765d32","marco.bruni@unibo.it"
"3D0b58tSTs","Consegno io!","2021-04-27","Affidamento","2c61ee105e","marco.bruni@unibo.it"
"pxCsfoiqbe","Restituisco!","2021-05-02","Restituzione","16a5dea9f9","antonio.aranci@unibo.it"
"Pjb6CT2xfD","Restituisco!","2021-05-03","Restituzione","efca8dece9","antonio.aranci@unibo.it"
"WqpPn7QlLX","Restituisco!","2021-05-05","Restituzione","0b07aa03a9","antonio.aranci@unibo.it"
"sx2CU49X7e","Restituisco!","2021-05-05","Restituzione","0b07aa03a9","antonio.aranci@unibo.it"
"I8Sqm6jLbT","Restituisco!","2021-05-05","Restituzione","c2f12343ec","antonio.aranci@unibo.it"
"VwZlzHA1kB","Restituisco!","2021-05-05","Restituzione","c067ad7ac2","antonio.aranci@unibo.it"
"Cox6MZeHPB","Restituisco!","2021-05-07","Restituzione","9b2949d137","antonio.aranci@unibo.it"
"8Br3dQHyex","Restituisco!","2021-05-07","Restituzione","8bbd2cf212","antonio.aranci@unibo.it"
"E7XpxAtgYB","Restituisco!","2021-05-07","Restituzione","7c8c765d32","antonio.aranci@unibo.it"
"p7gusBr3JQ","Restituisco!","2021-05-12","Restituzione","2c61ee105e","antonio.aranci@unibo.it"
"Nsvow6f4RJ","Nuova consegna","2021-05-01","Affidamento","282ed498b8","anna.azzurri@unibo.it"
"pRdOo6w8Q5","Nuova consegna","2021-05-01","Affidamento","3da072319e","anna.azzurri@unibo.it"
"06H7s12f3w","New consegna!","2021-04-27","Affidamento","0b07aa03a9","antonio.rossi@unibo.it"
"4ipzsnLv0c","Nuova consegna","2021-04-26","Affidamento","85a67688bb","anna.azzurri@unibo.it"
"8ZMfrlLVjS","Nuova consegna","2021-04-26","Affidamento","467fcc31ff","anna.azzurri@unibo.it"
"l41kqFnf0h","Nuova consegna","2021-04-26","Affidamento","8605549911","anna.azzurri@unibo.it"
"CGoh2rv5ef","Restituisco!","2021-04-30","Restituzione","8605549911","anna.azzurri@unibo.it"
"STFgDZWK8k","Restituisco!","2021-04-30","Restituzione","85a67688bb","anna.azzurri@unibo.it"
"Z0sfbgjhDx","Restituisco!","2021-04-30","Restituzione","467fcc31ff","anna.azzurri@unibo.it"
"xBlGv0FMwz","Nuova consegna","2021-04-25","Affidamento","2bb8040b8a","anna.azzurri@unibo.it"
"wIQUDpFGnL","Nuova consegna","2021-04-25","Affidamento","36294cb8a3","anna.azzurri@unibo.it"
"SX6VcK9MU3","Nuova consegna","2021-04-25","Affidamento","c356bc2b67","anna.azzurri@unibo.it"
"GUo3SeXFAt","Nuova consegna","2021-04-25","Affidamento","a823bedd86","anna.azzurri@unibo.it"
"aIsAzexUj4","Nuova consegna","2021-04-25","Affidamento","1c882b83a3","anna.azzurri@unibo.it"
"mnYb0uhJc9","Nuova consegna","2021-04-25","Affidamento","818155ce81","anna.azzurri@unibo.it"
"SFgtCvoVE1","Nuova consegna","2021-04-25","Affidamento","3ca4657132","anna.azzurri@unibo.it"
"W3ceC6vROT","Nuova consegna","2021-04-25","Affidamento","9b27898e2a","anna.azzurri@unibo.it"
"Fp6uMn1XcH","Nuova consegna","2021-04-25","Affidamento","fa79ced459","anna.azzurri@unibo.it"
"TuhW8q5ZGV","Restituisco io!","2021-04-29","Restituzione","2bb8040b8a","anna.azzurri@unibo.it"
"87UmEnYZqj","Restituisco io!","2021-04-29","Restituzione","36294cb8a3","anna.azzurri@unibo.it"
"XUNlkPzEhI","Restituisco io!","2021-04-29","Restituzione","c356bc2b67","anna.azzurri@unibo.it"
"CMY1y3eVXA","Restituisco io!","2021-04-29","Restituzione","a823bedd86","anna.azzurri@unibo.it"
"wQ4MBYfJhT","Restituisco io!","2021-04-29","Restituzione","1c882b83a3","anna.azzurri@unibo.it"
"kdtbBXveU1","Restituisco io!","2021-04-29","Restituzione","818155ce81","anna.azzurri@unibo.it"
"BIbwWflmEh","Restituisco io!","2021-04-29","Restituzione","3ca4657132","anna.azzurri@unibo.it"
"nhfyS5zpE9","Restituisco io!","2021-04-29","Restituzione","9b27898e2a","anna.azzurri@unibo.it"
"o8n3NlBzhF","Restituisco io!","2021-04-29","Restituzione","fa79ced459","anna.azzurri@unibo.it"
"sgXarx4Dyk","Nuova consegna","2021-05-19","Affidamento","d458a980d0","anna.bianchi@unibo.it"
"chFU0ZWuRV","Nuova consegna","2021-05-19","Affidamento","a49d3a0fc1","anna.bianchi@unibo.it"
"jU14HodTVc","Nuova consegna","2021-04-27","Affidamento","73f7b9b558","anna.azzurri@unibo.it"
"INH6mtE0q7","Nuova consegna","2021-05-19","Affidamento","74e61b7804","anna.bianchi@unibo.it"
"h37iHxNwXq","Nuova consegna","2021-05-19","Affidamento","a1db3338cb","anna.bianchi@unibo.it"
"2PcLKItqkO","Nuova restituzione!!","2021-05-20","Restituzione","d458a980d0","anna.bianchi@unibo.it"
"d54EYoDU7x","Nuova restituzione!!","2021-05-20","Restituzione","a49d3a0fc1","anna.bianchi@unibo.it"
"lLACsiy2vq","Nuova restituzione!!","2021-05-20","Restituzione","74e61b7804","anna.bianchi@unibo.it"
"pAYg8K0iDy","Nuova restituzione!!","2021-05-20","Restituzione","a1db3338cb","anna.bianchi@unibo.it"
"odI4qFtZRv","Nuova consegna","2021-05-15","Affidamento","4961ae0c22","anna.azzurri@unibo.it"
"vCwkOnuVFa","Nuova consegna","2021-05-15","Affidamento","dfd80bb2c4","anna.azzurri@unibo.it"
"t8bnXgGqW4","Nuova consegna","2021-05-22","Restituzione","dfd80bb2c4","anna.azzurri@unibo.it"
"rplcgvGLhA","Nuova consegna","2021-05-22","Restituzione","4961ae0c22","anna.azzurri@unibo.it"
"2iOYjAn8Mx","Nuova consegna","2021-04-25","Affidamento","9adef83ec1","antonio.gialli@unibo.it"
"9YThBvZMk0","Nuova consegna","2021-04-25","Affidamento","4bde8d39a9","antonio.gialli@unibo.it"
"Ax6uBzsGH4","Nuova consegna","2021-04-25","Affidamento","2197dceb40","antonio.gialli@unibo.it"
"kdKq3JjVQo","Nuova consegna","2021-04-25","Affidamento","7e5d75507b","antonio.gialli@unibo.it"
"iRNUXW3Ak2","Nuova consegna","2021-04-25","Affidamento","e907da8f4e","antonio.gialli@unibo.it"
"nkHoA9vtrK","Nuova consegna","2021-04-25","Affidamento","0960ea7c53","antonio.gialli@unibo.it"
"u8yxH9PSmj","Nuova consegna","2021-04-25","Affidamento","42133ccb87","antonio.gialli@unibo.it"
"vuTUfQyAam","Nuova consegna","2021-04-25","Affidamento","46959a2804","antonio.gialli@unibo.it"
"dS1e5hpOF0","Nuova consegna","2021-04-25","Affidamento","6c6568719a","antonio.gialli@unibo.it"
"SZcti5jlOz","Nuova consegna","2021-04-27","Restituzione","9adef83ec1","antonio.gialli@unibo.it"
"vnLzTYkUKb","Restituiamo!!","2021-04-27","Restituzione","4bde8d39a9","antonio.gialli@unibo.it"
"7sJSmjn1l0","Restituiamo!!","2021-04-27","Restituzione","2197dceb40","antonio.gialli@unibo.it"
"MLcxAfryHp","Restituiamo!!","2021-04-27","Restituzione","7e5d75507b","antonio.gialli@unibo.it"
"J9lRWCak1d","Restituiamo!!","2021-04-27","Restituzione","e907da8f4e","antonio.gialli@unibo.it"
"lt6h0aFvuw","Restituiamo!!","2021-04-27","Restituzione","0960ea7c53","antonio.gialli@unibo.it"
"HIbyqaXYKc","Restituiamo!!","2021-04-27","Restituzione","42133ccb87","antonio.gialli@unibo.it"
"wbXpgRUjIA","Restituiamo!!","2021-04-27","Restituzione","46959a2804","antonio.gialli@unibo.it"
"FldG5rogfZ","Restituiamo!!","2021-04-27","Restituzione","6c6568719a","antonio.gialli@unibo.it"
"1bRt3gVwmN","Nuova consegna","2021-05-01","Affidamento","a5a3ed6b7e","anna.azzurri@unibo.it"
"ZDAmj1EdJ8","Nuova consegna","2021-05-01","Affidamento","ba28cdb372","anna.azzurri@unibo.it"
"UOlYJ1zbtG","Nuova consegna","2021-05-01","Affidamento","913e394d49","anna.azzurri@unibo.it"
"ZvsEuG02CL","Nuova consegna","2021-05-01","Affidamento","01954ea8d8","anna.azzurri@unibo.it"
"POwS3vt5Ah","Nuova consegna","2021-05-01","Affidamento","08897f0382","anna.azzurri@unibo.it"
"sh7cyxEq3G","Nuova consegna","2021-05-01","Affidamento","7f58943cbd","anna.azzurri@unibo.it"
"WZU4wVAPXH","Nuova consegna","2021-05-01","Affidamento","19b29b73ff","anna.azzurri@unibo.it"
"01sqGLCrkN","Io restituisco","2021-05-02","Restituzione","2bb8040b8a","antonio.viola@unibo.it"
"QXRT7JbxLD","Io restituisco","2021-05-02","Restituzione","36294cb8a3","antonio.viola@unibo.it"
"3g1lmeEdAJ","Io restituisco","2021-05-02","Restituzione","c356bc2b67","antonio.viola@unibo.it"
"4Sf9xTXG7Y","Io restituisco","2021-05-02","Restituzione","a823bedd86","antonio.viola@unibo.it"
"lNYtkqo5rw","Io restituisco","2021-05-02","Restituzione","1c882b83a3","antonio.viola@unibo.it"
"Rf80XaqNZL","Io restituisco","2021-05-02","Restituzione","818155ce81","antonio.viola@unibo.it"
"uwjKtTk3qM","Io restituisco","2021-05-02","Restituzione","3ca4657132","antonio.viola@unibo.it"
"x4cCiY0T9d","Io restituisco","2021-05-02","Restituzione","9b27898e2a","antonio.viola@unibo.it"
"AQe7yzf4UL","Io restituisco","2021-05-02","Restituzione","fa79ced459","antonio.viola@unibo.it"
