"d40a8b658e","mario.rossi@unibo.it","8b7d0f4e7f"
"5c4538aece","mario.rossi@unibo.it","8b7d0f4e7f"
"57df1c4371","mario.rossi@unibo.it","3907e9c65d"
"faefcf8827","mario.rossi@unibo.it","8b7d0f4e7f"
"af95d6c46c","mario.rossi@unibo.it","60ad8c60b6"
"9e0b9ec02e","mario.rossi@unibo.it","60ad8c60b6"
"802feed0d7","mario.rossi@unibo.it","60ad8c60b6"
"91279e6947","mario.rossi@unibo.it","60ad8c60b6"
"72769f9b03","mario.rossi@unibo.it","60ad8c60b6"
"bfb0573a61","mario.rossi@unibo.it","112a613ff3"
"4bde364b92","mario.rossi@unibo.it","112a613ff3"
"de5e217059","mario.rossi@unibo.it","112a613ff3"
"ae063e171d","mario.rossi@unibo.it","db81861d47"
"7087c5c775","mario.rossi@unibo.it","db81861d47"
"9c4d351f8a","mario.rossi@unibo.it","60ad8c60b6"
"f601bcfdf5","mario.rossi@unibo.it","60ad8c60b6"
"2672a32ffa","mario.rossi@unibo.it","60ad8c60b6"
"2a295a50fa","mario.rossi@unibo.it","60ad8c60b6"
"7e3f500d56","mario.rossi@unibo.it","60ad8c60b6"
"5520364e5f","paola.rossi@unibo.it","3907e9c65d"
"680fad95c2","paola.rossi@unibo.it","60ad8c60b6"
"c998a3bbc2","paola.rossi@unibo.it","112a613ff3"
"e272b24a35","paola.rossi@unibo.it","112a613ff3"
"a296df5ad4","paola.rossi@unibo.it","3907e9c65d"
"89f19b517d","paola.rossi@unibo.it","60ad8c60b6"
"023cf79ccb","paola.rossi@unibo.it","db81861d47"
"52de0e6f1f","paola.rossi@unibo.it","112a613ff3"
"3bab6849c1","mattia.bruni@unibo.it","db81861d47"
"19081d24a9","mattia.bruni@unibo.it","112a613ff3"
"7fc650ab3f","mattia.bruni@unibo.it","60ad8c60b6"
"a3419fcebd","mattia.bruni@unibo.it","112a613ff3"
"d88a1509b3","mattia.bruni@unibo.it","db81861d47"
"e9570a0393","mattia.bruni@unibo.it","3907e9c65d"
"f691ff4541","mattia.bruni@unibo.it","8b7d0f4e7f"
"ef40c7770e","mattia.gialli@unibo.it","3907e9c65d"
"50ce2129db","mattia.gialli@unibo.it","60ad8c60b6"
"4589cea614","mattia.gialli@unibo.it","60ad8c60b6"
"447c50bc22","mattia.gialli@unibo.it","db81861d47"
"807e53f9b9","mattia.gialli@unibo.it","112a613ff3"
"30d8d17373","mattia.gialli@unibo.it","3907e9c65d"
"5c3772c109","mattia.gialli@unibo.it","8b7d0f4e7f"
"bbc174a349","mattia.gialli@unibo.it","112a613ff3"
